ID,通番,実施回,レベル,分類,問題番号,問,選択肢1,選択肢2,選択肢3,選択肢4,答え,解説,実施日,備考 
51,51,19,初,食・習わし・金沢ことば,51,大根ずしは、北前船の影響を受けていると考えられ、一般的にダイコンと（　）で作る。,イワシ,サワラ,ニシン,マス,ニシン,大根ずしは、塩漬けにした大根と柔らかく戻した身欠きニシンを、麹とご飯を発酵させた甘酒でつくるなれずし。藩政期から明治にかけて運行した北前船は、北海道から材料となるニシンを石川県へ運んだ。,2023年11月11日,
52,52,19,初,食・習わし・金沢ことば,52,,,,,,,,2023年11月11日,
53,53,19,初,食・習わし・金沢ことば,53,,,,,,,,2023年11月11日,
54,54,19,初,食・習わし・金沢ことば,54,,,,,,,,2023年11月11日,
55,55,19,初,食・習わし・金沢ことば,55,,,,,,,,2023年11月11日,
56,56,19,初,食・習わし・金沢ことば,56,,,,,,,,2023年11月11日,
57,57,19,初,食・習わし・金沢ことば,57,,,,,,,,2023年11月11日,
58,58,19,初,食・習わし・金沢ことば,58,,,,,,,,2023年11月11日,
59,59,19,初,食・習わし・金沢ことば,59,,,,,,,,2023年11月11日,
60,60,19,初,食・習わし・金沢ことば,60,,,,,,,,2023年11月11日,
61,61,19,初,食・習わし・金沢ことば,61,,,,,,,,2023年11月11日,
62,62,19,初,食・習わし・金沢ことば,62,,,,,,,,2023年11月11日,
63,63,19,初,食・習わし・金沢ことば,53,,,,,,,,2023年11月11日,
64,64,19,初,食・習わし・金沢ことば,64,,,,,,,,2023年11月11日,
65,65,19,初,食・習わし・金沢ことば,65,,,,,,,,2023年11月11日,
66,66,19,初,美術工芸・芸能,66,日本芸術院会員、蒔絵の人間国宝（重要無形文化財保持者）であり、文化勲章受賞者でもあった（　）は、大桑町の生まれである。,山崎覚太郎,大場松魚,寺井直次,松田権六,松田権六,加賀蒔絵の伝統を踏まえつつ、螺鈿（らでん）や平文（ひょうもん）などの古典技法を現代化させ、近代漆芸に偉大な芸術世界を築き上げた。東京美術学校（現在の東京芸術大学）で教授を務める傍ら、日本工芸会を設立し、日本伝統工芸展をスタートさせるなど、後進の育成にも力を注いだ。,2023年11月11日,
67,67,19,初,美術工芸・芸能,67,,,,,,,,2023年11月11日,
68,68,19,初,美術工芸・芸能,68,,,,,,,,2023年11月11日,
69,69,19,初,美術工芸・芸能,69,,,,,,,,2023年11月11日,
70,70,19,初,美術工芸・芸能,70,,,,,,,,2023年11月11日,
71,71,19,初,美術工芸・芸能,71,,,,,,,,2023年11月11日,
72,72,19,初,美術工芸・芸能,72,,,,,,,,2023年11月11日,
73,73,19,初,美術工芸・芸能,73,,,,,,,,2023年11月11日,
74,74,19,初,美術工芸・芸能,74,,,,,,,,2023年11月11日,
75,75,19,初,美術工芸・芸能,75,,,,,,,,2023年11月11日,
76,76,19,初,美術工芸・芸能,76,,,,,,,,2023年11月11日,
77,77,19,初,美術工芸・芸能,77,,,,,,,,2023年11月11日,
78,78,19,初,美術工芸・芸能,78,,,,,,,,2023年11月11日,
79,79,19,初,美術工芸・芸能,79,,,,,,,,2023年11月11日,
80,80,19,初,美術工芸・芸能,80,,,,,,,,2023年11月11日,
81,81,19,初,金沢ゆかりの文学,81,泉鏡花の「はゞこひし（母恋し）」の句碑は（　）にある。,浅野川沿いの鏡花の道,生家跡,母校,卯辰山の麓,卯辰山の麓,句碑は卯辰山への登り口の脇にひっそり建っており、幼い頃に母を失った鏡花の心情が伝わる「はゞこひし　夕山桜　峰の松」の句が刻まれている。鏡花の道は浅野川大橋から天神橋までをつなぐ浅野川沿いの小路。生家跡は現在、泉鏡花記念館が建っている。母校は2024（令和6）年3月に明成小と統合した旧馬場小。,2023年11月11日,
82,82,19,初,金沢ゆかりの文学,82,,,,,,,,2023年11月11日,
83,83,19,初,金沢ゆかりの文学,83,,,,,,,,2023年11月11日,
84,84,19,初,金沢ゆかりの文学,84,,,,,,,,2023年11月11日,
85,85,19,初,金沢ゆかりの文学,85,,,,,,,,2023年11月11日,
86,86,19,初,金沢ゆかりの文学,86,,,,,,,,2023年11月11日,
87,87,19,初,金沢ゆかりの文学,87,,,,,,,,2023年11月11日,
88,88,19,初,金沢ゆかりの文学,88,,,,,,,,2023年11月11日,
89,89,19,初,金沢ゆかりの文学,89,,,,,,,,2023年11月11日,
90,90,19,初,金沢ゆかりの文学,90,,,,,,,,2023年11月11日,
91,91,19,初,偉人・ゆかりの人物,91,漢学や書、茶道、骨董などに造詣が深かった（　）は、「最後の文人」とも呼ばれ、無名時代の北大路魯山人の才能を見出したことでも知られる。,北方心泉,日置謙,北條時敬,細野燕台,細野燕台,細野燕台（えんたい）は材木町の商家に生まれ、小学校の同窓生に、徳田秋声、泉鏡花がいる。五香屋休哉（ごごうやきゅうさい）に漢学、北方心泉（きたかたしんせん）に書を学び、酒をこよなく愛した。燕台（えんたい）の雅号は、金沢の地形が燕（つばめ）の飛ぶ姿に似ており、そう呼ばれたことから付けたとされる。晩年は北大路魯山人に招かれ、鎌倉に転居した。,2023年11月11日,
92,92,19,初,偉人・ゆかりの人物,92,,,,,,,,2023年11月11日,
93,93,19,初,偉人・ゆかりの人物,93,,,,,,,,2023年11月11日,
94,94,19,初,偉人・ゆかりの人物,94,,,,,,,,2023年11月11日,
95,95,19,初,偉人・ゆかりの人物,95,,,,,,,,2023年11月11日,
96,96,19,初,偉人・ゆかりの人物,96,,,,,,,,2023年11月11日,
97,97,19,初,偉人・ゆかりの人物,97,,,,,,,,2023年11月11日,
98,98,19,初,偉人・ゆかりの人物,98,,,,,,,,2023年11月11日,
99,99,19,初,偉人・ゆかりの人物,99,,,,,,,,2023年11月11日,
100,100,19,初,偉人・ゆかりの人物,100,,,,,,,,2023年11月11日,